[TOC]
### 6.6.1 背景
数组作为数据库的一种扩展类型在PG，ClickHouse，Snowflake等系统中都有相关特性支持，可以广泛的应用于A/B Test对比，用户标签分析，人群画像等场景。DorisDB当前支持了，多维数组嵌套，数组切片，比较，过滤等特性。

### 6.6.2 数组使用

#### 6.6.2.1 数组定义

下面是在DorisDB中定义数组列的例子

~~~
-- 一维数组
create table t0(
  c0 INT,
  c1 ARRAY<INT>
)
duplicate key(c0);

-- 定义嵌套数组
create table t1(
  c0 INT,
  c1 ARRAY<ARRAY<VARCHAR(10)>>
)
duplicate key(c0);

~~~

如上，数组列的定义形式为ARRAY，其中TYPE是数组元素类型，默认nullable，暂时不支持指定元素类型为NOT NULL，但是可以定义数组本身为NOT NULL

~~~
create table t2(
  c0 INT,
  c1 ARRAY<INT> NOT NULL
)
duplicate key(c0)

~~~

数组类型有以下限制

*   只能在duplicate table中定义数组列
*   数组列不能作为key列(以后可能支持)
*   数组列不能作为distribution列
*   数组列不能作为partition列

**在SQL中构造数组**

可以在SQL中通过中括号("\["和"\]")来构造数组常量，每个数组元素通过逗号(",")分割

~~~
select [1, 2, 3] as numbers;
select ["apple", "orange", "pear"] as fruit;
select [true, false] as booleans;

~~~

当数组元素具有不同类型时，DorisDB会自动推导出合适的类型(supertype)

~~~
select [1, 1.2] as floats;
select [12, "100"]; -- 结果是 ["12", "100"]

~~~

可以使用尖括号(<>)显示声明数组类型

~~~
select ARRAY<float>[1, 2];
select ARRAY<INT>["12", "100"]; -- 结果是 [12, 100]

~~~

元素中可以包含NULL

~~~
select [1, NULL];

~~~

对于空数组，可以使用尖括号显示声明其类型，也可以直接写\[\]，此时DorisDB会根据上下文推断其类型，如果无法推断则会报错。

~~~
select [];
select ARRAY<VARCHAR(10)>[];
select array_append([], 10);

~~~

#### 6.6.2.2 数组导入

目前有两种方式向DorisDB中写入数组值，更多导入方式正在开发中。

**INSERT INTO**

~~~
create table t0(c0 INT, c1 ARRAY<INT>)duplicate key(c0);
INSERT INTO t0 VALUES(1, [1,2,3]);

~~~

**从ORC文件导入**

DorisDB中的数组类型，与ORC格式中的list结构相对应，关于ORC文件的导入，请参考DorisDB企业文档中broker load导入相关章节。

#### 6.6.2.3 数组元素访问

使用中括号加下标形式访问数组中某个元素，下标从1开始

~~~
mysql> select [1,2,3][1];
+------------+
| [1,2,3][1] |
+------------+
|          1 |
+------------+
1 row in set (0.00 sec)

~~~

如果下标为0，或者为负数，不会报错，会返回NULL

~~~
mysql> select [1,2,3][0];
+------------+
| [1,2,3][0] |
+------------+
|       NULL |
+------------+
1 row in set (0.01 sec)

~~~

如果下标超过数组大小，也会返回NULL

~~~
mysql> select [1,2,3][4];
+------------+
| [1,2,3][4] |
+------------+
|       NULL |
+------------+
1 row in set (0.01 sec)

~~~

对于多维数组，可以递归访问内部元素

```sql
mysql(ARRAY)> select [[1,2],[3,4]][2];
+------------------+
| [[1,2],[3,4]][2] |
+------------------+
| [3,4]            |
+------------------+
1 row in set (0.00 sec)

mysql> select [[1,2],[3,4]][2][1];
+---------------------+
| [[1,2],[3,4]][2][1] |
+---------------------+
|                   3 |
+---------------------+
1 row in set (0.01 sec)
```
<br>

### 6.6.3 数组函数

#### **array\_length**

返回数组中元素个数，结果类型是INT，如果参数是NULL，结果也是NULL

> array\_length(any\_array)

示例：

```sql
mysql> select array_length([1,2,3]);
+-----------------------+
| array_length([1,2,3]) |
+-----------------------+
|                     3 |
+-----------------------+
1 row in set (0.00 sec)

mysql> select array_length([[1,2], [3,4]]);
+-----------------------------+
| array_length([[1,2],[3,4]]) |
+-----------------------------+
|                           2 |
+-----------------------------+
1 row in set (0.01 sec)
```
<br>

#### **array\_append**

在数组末尾添加一个新的元素

> array\_append(any\_array, any\_element)

示例:

~~~
mysql> select array_append([1, 2], 3);
+------------------------+
| array_append([1,2], 3) |
+------------------------+
| [1,2,3]                |
+------------------------+
1 row in set (0.00 sec)

~~~

可以向数组中添加NULL

~~~
mysql> select array_append([1, 2], NULL);
+---------------------------+
| array_append([1,2], NULL) |
+---------------------------+
| [1,2,NULL]                |
+---------------------------+
1 row in set (0.01 sec)

~~~
<br>

#### **array\_contains**

检查数组中是否包含某个元素，是的话返回1，否则返回0

> array\_contains(any\_array, any\_element)

示例:

~~~
mysql> select array_contains(["apple","orange","pear"], "orange");
+-----------------------------------------------------+
| array_contains(['apple','orange','pear'], 'orange') |
+-----------------------------------------------------+
|                                                   1 |
+-----------------------------------------------------+
1 row in set (0.01 sec)

~~~

也可以检查数组中是否包含NULL

~~~
mysql> select array_contains([1, NULL], NULL);
+--------------------------------+
| array_contains([1,NULL], NULL) |
+--------------------------------+
|                              1 |
+--------------------------------+
1 row in set (0.00 sec)

~~~

可以检查多维数组中是否包含某个子数组，此时要求子数组元素完全匹配，包括元素排列顺序

~~~
mysql> select array_contains([[1,2,3], [4,5,6]], [4,5,6]);
+--------------------------------------------+
| array_contains([[1,2,3],[4,5,6]], [4,5,6]) |
+--------------------------------------------+
|                                          1 |
+--------------------------------------------+
1 row in set (0.00 sec)

mysql> select array_contains([[1,2,3], [4,5,6]], [4,6,5]);
+--------------------------------------------+
| array_contains([[1,2,3],[4,5,6]], [4,6,5]) |
+--------------------------------------------+
|                                          0 |
+--------------------------------------------+
1 row in set (0.00 sec)

~~~